,url,Position,Company,Location,Job_Description
0,https://tinyurl.com/2nyag67f,Software Developer,Larsen & Toubro Infotech Limited,Mumbai,Software Developer
1,https://tinyurl.com/2qfg9q3f,JUNIOR SOFTWARE ENGINEER,Viliso Technologies,Mumbai,JUNIOR SOFTWARE ENGINEER
2,https://tinyurl.com/2f2hcm28,Software Engineer,Larsen & Toubro Infotech Limited,Mumbai,Software Engineer
3,https://tinyurl.com/2fcqu2st,Python Developer,NeoDocs Healthcare Pvt. Ltd,Mumbai,Python Developer
4,https://tinyurl.com/2kxe7vmg,Software Engineer,Wipro Limited,Mumbai,Software Engineer
5,https://tinyurl.com/2mft5jwk,Software Engineer l,MoneyGram,Mumbai,Software Engineer l
6,https://tinyurl.com/2mrt9e36,Specialist & Senior Software Engineer,Larsen & Toubro Infotech Limited,Mumbai,Specialist & Senior Software Engineer
7,https://tinyurl.com/2j7gbg45,Software Engineering,"JPMorgan Chase Bank, N.A.",Mumbai,Software Engineering
8,https://tinyurl.com/2nmvu5xv,LTI Hiring for UI Developer,Larsen & Toubro Infotech Limited,Mumbai,LTI Hiring for UI Developer
9,https://tinyurl.com/2g5alnbo,Software Support Engineer,Image Infosystems Pvt. Ltd.,Mumbai,Software Support Engineer
10,https://tinyurl.com/2emetnpf,PLSQL DEVELOPER/ Oracle PLSQL Developer,Larsen & Toubro Infotech Limited,Mumbai,PLSQL DEVELOPER/ Oracle PLSQL Developer
11,https://tinyurl.com/2z3knalf,Software Developer,SEECATCH,Mumbai,Software Developer
12,https://tinyurl.com/2eaeptlt,Software Engineer,"JPMorgan Chase Bank, N.A.",Mumbai,Software Engineer
13,https://tinyurl.com/2ojw6n9t,Angular Developer,Mypcot Infotech Private Limited,Mumbai,Angular Developer
14,https://tinyurl.com/2kjgpry2,DotNet Developers,C-MOTS Internet Technologies Pvt. Ltd,Mumbai,DotNet Developers
15,https://tinyurl.com/2myh83fc,Software Engineer I A - GBS IND,Bank of America,Mumbai,Software Engineer I A - GBS IND
16,https://tinyurl.com/2zwbzamv,Sr. & Jr. PHP Developer,Belivd,Mumbai,Sr. & Jr. PHP Developer
17,https://tinyurl.com/2pndnxn3,Software Engineer (Java Developer),Paycraft Solutions,Mumbai,Software Engineer (Java Developer)
18,https://tinyurl.com/2m7haxh5,Software Engineer,zeus learning,Mumbai,Software Engineer
19,https://tinyurl.com/2nc87t4r,Full Stack Engineer,Algorisys Technologies Pvt. Ltd.,Mumbai,Full Stack Engineer
20,https://tinyurl.com/2p8axhzx,Devops Engineer,Larsen & Toubro Infotech Limited,Mumbai,Devops Engineer
21,https://tinyurl.com/2kc3ol7n,SOFTWARE FUNCTIONAL MANUAL TEST ENGINEER GENERAL INSURANCE DOMAIN,JCX Solutions Pvt. Ltd.,Mumbai,SOFTWARE FUNCTIONAL MANUAL TEST ENGINEER GENERAL INSURANCE DOMAIN
22,https://tinyurl.com/2qyxrj23,Junior Software Engineer,Virtusa,Mumbai,Junior Software Engineer
23,https://tinyurl.com/2qdt83al,Plsql Developer,Larsen & Toubro Infotech Limited,Mumbai,Plsql Developer
24,https://tinyurl.com/2mx48rnq,Software Engineer,Larsen & Toubro Limited,India,Software Engineer
25,https://tinyurl.com/2pea2ejq,"C#, JavaScript Developer - Dot Net (Fresher upto 1 years) Remote Work",Confiable Solutions,Mumbai,"C#, JavaScript Developer - Dot Net (Fresher upto 1 years) Remote Work"
26,https://tinyurl.com/2pc5b67c,"Mumbai (Vileparle) - Spring, Springboot Developer",JForce Solutions,Mumbai,"Mumbai (Vileparle) - Spring, Springboot Developer"
27,https://tinyurl.com/2flgcqtn,Software Engineer l,MoneyGram,Mumbai,Software Engineer l
28,https://tinyurl.com/2e26fxnz,Python Developer,Labcorp,Navi Mumbai,Python Developer
29,https://tinyurl.com/2lcwbs6x,SOFTWARE FUNCTIONAL MANUAL TEST ENGINEER GENERAL INSURANCE DOMAIN,JCX Solutions Pvt. Ltd.,Mumbai,SOFTWARE FUNCTIONAL MANUAL TEST ENGINEER GENERAL INSURANCE DOMAIN
30,https://tinyurl.com/2gnlej2f,LTI Hiring for UI Developer,Larsen & Toubro Infotech Limited,Mumbai,LTI Hiring for UI Developer
31,https://tinyurl.com/2ldkj49o,PLSQL DEVELOPER/ Oracle PLSQL Developer,Larsen & Toubro Infotech Limited,Mumbai,PLSQL DEVELOPER/ Oracle PLSQL Developer
32,https://tinyurl.com/2eu92ola,Junior Software Engineer,Virtusa,Mumbai,Junior Software Engineer
33,https://tinyurl.com/2g4ztnnt,Urgent hiring for PLSQL Developer with LTI - Larsen & Toubro Infotech,Larsen & Toubro Infotech Limited,Mumbai,Urgent hiring for PLSQL Developer with LTI - Larsen & Toubro Infotech
34,https://tinyurl.com/2o9q7xxc,VB.Net Developer,Larsen & Toubro Infotech Limited,Mumbai,VB.Net Developer
35,https://tinyurl.com/2q8vzaf2,Sr. & Jr. PHP Developer,Belivd,Mumbai,Sr. & Jr. PHP Developer
36,https://tinyurl.com/2mykpqwg,Software Engineer,Larsen & Toubro Infotech Limited,Mumbai,Software Engineer
37,https://tinyurl.com/2hx9onpc,Software Engineer (Java Developer),Paycraft Solutions,Mumbai,Software Engineer (Java Developer)
38,https://tinyurl.com/2ofc4ywm,Full stack Developer: 1 year,Mind Frame India Pvt Ltd Advertising and Creative Communication Pvt Ltd.,Mumbai,Full stack Developer: 1 year
39,https://tinyurl.com/2lqu4gkp,Specialist & Senior Software Engineer,Larsen & Toubro Infotech Limited,Mumbai,Specialist & Senior Software Engineer
40,https://tinyurl.com/2pslwv4y,JUNIOR SOFTWARE ENGINEER,Viliso Technologies,Mumbai,JUNIOR SOFTWARE ENGINEER
41,https://tinyurl.com/2k8kqfsp,LTI : Hiring for : Full Stack Developer - Immediate Joiner,Larsen & Toubro Infotech Limited,Mumbai,LTI : Hiring for : Full Stack Developer - Immediate Joiner
42,https://tinyurl.com/2kcyw9fl,Software Developer,Larsen & Toubro Infotech Limited,Mumbai,Software Developer
43,https://tinyurl.com/2hnjwo3o,Plsql Developer,Larsen & Toubro Infotech Limited,Mumbai,Plsql Developer
44,https://tinyurl.com/2oxve6nc,"Mumbai (Vileparle) - Spring, Springboot Developer",JForce Solutions,Mumbai,"Mumbai (Vileparle) - Spring, Springboot Developer"
45,https://tinyurl.com/2ll2cls5,Software Developer,SEECATCH,Mumbai,Software Developer
46,https://tinyurl.com/2flspa74,Devops Engineer,Larsen & Toubro Infotech Limited,Mumbai,Devops Engineer
47,https://tinyurl.com/2orvmqeu,Node JS and Typescript developer,Larsen & Toubro Infotech Limited,Mumbai,Node JS and Typescript developer
48,https://tinyurl.com/2fcsmekv,Urgent Opening for PHP Developer-Angular/NodeJS3-4yrs-(WFH)Immediate Joiner,Cyberindigo Net Pvt Ltd,Mumbai,Urgent Opening for PHP Developer-Angular/NodeJS3-4yrs-(WFH)Immediate Joiner
49,https://tinyurl.com/2fs9w2bd,Angular Developer,Mypcot Infotech Private Limited,Mumbai,Angular Developer
50,https://tinyurl.com/2gfxo6qn,Software Engineer,zeus learning,Mumbai,Software Engineer
51,https://tinyurl.com/2kw6t9xe,Cobol Developer,Larsen & Toubro Infotech Limited,Mumbai,Cobol Developer
52,https://tinyurl.com/2nzv9e2d,"C#, JavaScript Developer - Dot Net (Fresher upto 1 years) Remote Work",Confiable Solutions,Mumbai,"C#, JavaScript Developer - Dot Net (Fresher upto 1 years) Remote Work"
53,https://tinyurl.com/2oexu5x5,Senior Optimizely Developer,LayerCake,Mumbai,Senior Optimizely Developer
55,https://tinyurl.com/2jhrl8ms,Software Engineer,Larsen & Toubro Limited,India,Software Engineer
56,https://tinyurl.com/2z4hpczg,Devops Engineer,Larsen & Toubro Infotech Limited,Mumbai,Devops Engineer
57,https://tinyurl.com/2f37c9vy,Software Engineer I,Visible Alpha,Mumbai,Software Engineer I
58,https://tinyurl.com/2glmxcw7,Specialist & Senior Software Engineer,Larsen & Toubro Infotech Limited,Mumbai,Specialist & Senior Software Engineer
59,https://tinyurl.com/2hs3hltr,Front End Developer,Revolo Infotech,Mumbai,Front End Developer
60,https://tinyurl.com/2nqtx5fc,Full Stack Engineer,Algorisys Technologies Pvt. Ltd.,Mumbai,Full Stack Engineer
61,https://tinyurl.com/2p5f9l9q,Angular Developer,Mypcot Infotech Private Limited,Mumbai,Angular Developer
62,https://tinyurl.com/2mr9rgoh,Software Engineer (Java Developer),Paycraft Solutions,Mumbai,Software Engineer (Java Developer)
63,https://tinyurl.com/2zxment4,Software Engineering,"JPMorgan Chase Bank, N.A.",Mumbai,Software Engineering
64,https://tinyurl.com/2frloq7m,PLSQL DEVELOPER/ Oracle PLSQL Developer,Larsen & Toubro Infotech Limited,Mumbai,PLSQL DEVELOPER/ Oracle PLSQL Developer
65,https://tinyurl.com/2g6lskb8,LTI Hiring for UI Developer,Larsen & Toubro Infotech Limited,Mumbai,LTI Hiring for UI Developer
66,https://tinyurl.com/2elhrlse,Software Support Engineer,Image Infosystems Pvt. Ltd.,Mumbai,Software Support Engineer
67,https://tinyurl.com/2k5a5cqx,Software Developer,SEECATCH,Mumbai,Software Developer
68,https://tinyurl.com/2k3jzwg2,"C#, JavaScript Developer - Dot Net (Fresher upto 1 years) Remote Work",Confiable Solutions,Mumbai,"C#, JavaScript Developer - Dot Net (Fresher upto 1 years) Remote Work"
69,https://tinyurl.com/2o5bedwb,Software Engineer,Larsen & Toubro Limited,India,Software Engineer
70,https://tinyurl.com/2z7x3pg9,Software Engineer,"JPMorgan Chase Bank, N.A.",Mumbai,Software Engineer
71,https://tinyurl.com/2ewmlpry,Software Engineer,Larsen & Toubro Infotech Limited,Mumbai,Software Engineer
72,https://tinyurl.com/2fbmpjuk,SOFTWARE FUNCTIONAL MANUAL TEST ENGINEER GENERAL INSURANCE DOMAIN,JCX Solutions Pvt. Ltd.,Mumbai,SOFTWARE FUNCTIONAL MANUAL TEST ENGINEER GENERAL INSURANCE DOMAIN
73,https://tinyurl.com/2k2a4e8k,Sr. & Jr. PHP Developer,Belivd,Mumbai,Sr. & Jr. PHP Developer
74,https://tinyurl.com/2khoeyw2,Software Engineer,Wipro Limited,Mumbai,Software Engineer
75,https://tinyurl.com/2ockut8j,Software Engineer I A - GBS IND,Bank of America,Mumbai,Software Engineer I A - GBS IND
76,https://tinyurl.com/2gf48uar,Software Developer,Larsen & Toubro Infotech Limited,Mumbai,Software Developer
77,https://tinyurl.com/2qg2onf4,DotNet Developers,C-MOTS Internet Technologies Pvt. Ltd,Mumbai,DotNet Developers
78,https://tinyurl.com/2oe4esh9,JUNIOR SOFTWARE ENGINEER,Viliso Technologies,Mumbai,JUNIOR SOFTWARE ENGINEER
79,https://tinyurl.com/2kv8ysbb,Software Engineer,zeus learning,Mumbai,Software Engineer
80,https://tinyurl.com/2jjlpcgu,Software Engineer l,MoneyGram,Mumbai,Software Engineer l
81,https://tinyurl.com/2h9bjv3k,Junior Software Engineer,Virtusa,Mumbai,Junior Software Engineer
82,https://tinyurl.com/2lqhpxab,Python Developer,NeoDocs Healthcare Pvt. Ltd,Mumbai,Python Developer
